team,word,count
KIA,기아,753
KIA,홈런,683
KIA,김도영,395
KIA,박재현,318
KIA,김호령,302
KIA,야구,239
KIA,투수,186
KIA,이제,182
KIA,네일,167
KIA,수비,167
KIA,아데를린,167
KIA,나성범,165
KIA,도영,150
KIA,안타,149
KIA,정해영,149
KIA,제발,142
KIA,감독,141
KIA,끼끼,136
KIA,류현진,130
KIA,올해,130
KIA,롯데,121
KIA,성영탁,117
KIA,이의리,116
KIA,요즘,114
KIA,마무리,113
KIA,한화,108
KIA,선발,106
KIA,박찬호,77
KIA,삼성,76
KIA,김경문,74
KIA,노시환,72
KIA,김서현,71
KIA,오스틴,54
KIA,호령,53
KIA,슈퍼스타,52
KIA,엘지,50
KIA,도영아,49
KIA,박상준,49
KIA,이범호,48
KIA,타이거즈,47
KIA,박민,45
KIA,타격,43
KT,홈런,160
KT,최원준,140
KT,한화,88
KT,키움,86
KT,안치홍,79
KT,삼성,67
KT,고영표,65
KT,안타,64
KT,야구,62
KT,이제,55
KT,최형우,54
KT,오스틴,52
KT,최고,52
KT,수비,51
KT,끝내기,50
KT,감독,49
KT,최정,46
KT,화이팅,46
KT,제발,43
KT,힐리어드,43
KT,올해,41
KT,그래,39
KT,김현수,39
KT,타점,39
KT,허경민,39
KT,선발,37
KT,선수들,37
KT,쿠싱,35
KT,감사합니다,34
KT,이정훈,34
KT,투수,33
KT,박해민,32
KT,엘지,31
KT,햄장,18
KT,사랑해,14
KT,이정용,12
KT,고퀄스,11
KT,영결,10
KT,이영빈,10
KT,장현식,9
KT,가자,8
KT,마지막,8
KT,미친,7
KT,보고,7
KT,세계관,7
KT,오씨,7
KT,올스타,7
KT,이재원,7
KT,작년,7
KT,주장,7
KT,타자,7
LG,오스틴,415
LG,홈런,413
LG,엘지,323
LG,박해민,307
LG,수비,230
LG,야구,179
LG,한화,168
LG,이제,153
LG,롯데,148
LG,김호령,146
LG,기아,141
LG,올해,140
LG,투수,140
LG,감독,136
LG,이재원,134
LG,선발,122
LG,삼성,115
LG,장현식,114
LG,햄장,112
LG,화이팅,109
LG,이의리,108
LG,최고,106
LG,타자,106
LG,마무리,105
LG,제발,104
LG,잠실,97
LG,선수들,92
LG,오지환,92
LG,하주석,89
LG,마지막,85
NC,홈런,118
NC,삼성,113
NC,김재윤,96
NC,엔씨,84
NC,야구,75
NC,구창모,73
NC,롯데,65
NC,이제,65
NC,올해,59
NC,강백호,55
NC,수비,55
NC,한화,54
NC,디아즈,53
NC,전병우,53
NC,화이팅,53
NC,배재환,48
NC,최고,47
NC,페라자,47
NC,사랑해,46
NC,박승규,43
NC,최원준,41
NC,선발,37
NC,개추,35
NC,마무리,33
NC,류지혁,32
NC,박찬호,32
NC,양우현,31
NC,최형우,29
NC,노시환,28
NC,승리,28
NC,키움,28
NC,오스틴,27
NC,정준재,27
NC,이닝,26
NC,전준우,24
NC,안타,23
NC,타자,22
NC,투수,22
NC,전민재,21
NC,감독,19
NC,고맙다,18
NC,이호준,18
NC,타격,18
NC,보고,17
NC,끝내기,16
NC,제발,16
NC,김주원,15
NC,최주환,15
NC,무사만루,14
NC,최고다,14
NC,히우라,14
SSG,홈런,316
SSG,오스틴,204
SSG,연패,158
SSG,키움,147
SSG,야구,132
SSG,디아즈,124
SSG,마무리,117
SSG,기아,114
SSG,이제,113
SSG,김웅빈,103
SSG,최정,101
SSG,삼성,91
SSG,랜더스,86
SSG,수비,80
SSG,정해영,77
SSG,승리,76
SSG,엘지,74
SSG,선수들,72
SSG,사랑해,71
SSG,끝내기,68
SSG,한화,64
SSG,김호령,62
SSG,최고,62
SSG,허인서,61
SSG,올해,54
SSG,장현식,52
SSG,노시환,50
SSG,불펜,50
SSG,타점,50
SSG,그래,49
SSG,박승규,49
SSG,안타,49
SSG,강백호,48
SSG,유토,48
SSG,축하드립니다,44
SSG,전민재,37
SSG,연속,32
SSG,축하합니다,32
SSG,이로운,30
SSG,히우라,30
SSG,화이팅,29
SSG,롯데,28
SSG,조병현,28
SSG,팬들,28
SSG,히어로즈,26
SSG,제발,25
SSG,탈출,25
SSG,김건희,24
SSG,임병욱,24
SSG,웅빈,23
SSG,투수,23
두산,두산,327
두산,홈런,250
두산,박찬호,175
두산,양의지,161
두산,수비,155
두산,롯데,139
두산,기아,132
두산,마무리,98
두산,이제,97
두산,야구,96
두산,투수,95
두산,강승호,85
두산,정수빈,83
두산,제발,82
두산,삼성,79
두산,감독,77
두산,선발,76
두산,성영탁,73
두산,한화,73
두산,이재원,59
두산,문현빈,57
두산,김재윤,44
두산,최준용,44
두산,개추,43
두산,송찬,43
두산,김호령,42
두산,썸네일,42
두산,영탁,42
두산,올해,42
두산,만루홈런,41
두산,한동희,38
두산,보고,37
두산,정해영,37
두산,안타,36
두산,찬호,36
두산,왕옌청,34
두산,화이팅,34
두산,아니,33
두산,전준우,33
두산,황성빈,33
두산,페라자,31
두산,류현진,30
두산,벤자민,30
두산,선수들,30
두산,이진영,29
두산,타격,29
두산,누웠는데,28
롯데,롯데,730
롯데,홈런,284
롯데,수비,242
롯데,야구,175
롯데,감독,162
롯데,기아,138
롯데,이제,134
롯데,한동희,134
롯데,박재현,132
롯데,전민재,132
롯데,투수,132
롯데,선발,129
롯데,유강남,128
롯데,김태형,125
롯데,전준우,125
롯데,제발,125
롯데,올해,116
롯데,나승엽,113
롯데,안타,112
롯데,한화,110
롯데,황성빈,109
롯데,타격,107
롯데,양창섭,93
롯데,고승민,87
롯데,김도영,83
롯데,그래,82
롯데,하고,81
롯데,아니,80
롯데,포수,79
롯데,삼성,78
삼성,삼성,597
삼성,홈런,360
삼성,디아즈,265
삼성,김재윤,181
삼성,최형우,180
삼성,기아,159
삼성,양창섭,153
삼성,김도영,141
삼성,야구,139
삼성,수비,138
삼성,이제,135
삼성,전병우,132
삼성,박해민,129
삼성,박재현,119
삼성,박승규,110
삼성,올해,110
삼성,두산,107
삼성,강민호,104
삼성,만루홈런,103
삼성,화이팅,100
삼성,구자욱,95
삼성,롯데,88
삼성,투수,82
삼성,안타,81
삼성,요즘,79
삼성,마무리,77
삼성,개추,72
삼성,정수빈,72
삼성,승리,70
삼성,김성윤,66
삼성,이재현,65
삼성,제발,65
삼성,도미노피자,41
삼성,고영표,36
삼성,연승,33
삼성,도미노,32
삼성,잠실,32
삼성,오스틴,30
삼성,햄장,30
삼성,최고,26
삼성,선발,25
삼성,엘지,25
삼성,영웅아,24
삼성,타자,24
삼성,포항,24
삼성,트중박,23
키움,키움,444
키움,홈런,265
키움,끝내기,163
키움,한화,156
키움,야구,145
키움,기아,125
키움,투수,117
키움,화이팅,116
키움,안치홍,109
키움,김웅빈,105
키움,연패,105
키움,이제,105
키움,안타,92
키움,올해,89
키움,서건창,85
키움,허인서,80
키움,유토,79
키움,박해민,78
키움,수비,77
키움,안우진,73
키움,포수,73
키움,히어로즈,73
키움,히우라,73
키움,제발,72
키움,타자,69
키움,선수들,68
키움,노시환,65
키움,삼성,64
키움,최고,62
키움,항상,62
한화,한화,701
한화,노시환,356
한화,홈런,307
한화,허인서,276
한화,야구,229
한화,투수,227
한화,류현진,220
한화,김경문,215
한화,수비,214
한화,강백호,195
한화,감독,192
한화,페라자,189
한화,롯데,165
한화,이제,139
한화,선발,137
한화,화이팅,133
한화,올해,130
한화,문현빈,122
한화,제발,119
한화,김서현,117
한화,최고,110
한화,포수,100
한화,기아,92
한화,하주석,91
한화,키움,90
한화,정우주,87
한화,박준영,81
한화,황영묵,73
한화,불펜,71
한화,두산,68
한화,선수들,68
한화,김도영,67
한화,타격,67
한화,불꽃야구,66
한화,백호,64
한화,아직,62
한화,쿠싱,62
한화,원성준,52
한화,그래,51
한화,서건창,51
한화,번트,50
한화,타자,48
